#,Assign F1,Assign F2,Details,Fit Method,Height,Line Width F1 (Hz),Line Width F2 (Hz),Merit,Position F1,Position F2,Vol. Method,Volume,index
0,1MetH,1MetN,None,parabolic,9678,32.643,33.389,1.0,8.592,107.328,box sum,9539,0
1,2AlaH,2AlaN,None,parabolic,9360,43.034,32.503,1.0,9.456,124.64,box sum,9990,1
2,3ArgH,3ArgN,None,parabolic,9965,20.942,12.395,1.0,9.398,119.887,box sum,9306,2
3,4AspH,4AspN,None,parabolic,9237,49.572,24.567,1.0,6.7,107.964,box sum,9616,3
4,5LeuH,5LeuN,None,parabolic,9615,10.854,38.438,1.0,8.239,111.513,box sum,9798,4
5,6HisH,6HisN,None,parabolic,9740,43.147,49.422,1.0,9.052,105.304,box sum,9292,5
6,7GlyH,7GlyN,None,parabolic,9593,45.198,18.857,1.0,8.658,106.519,box sum,9152,6
7,8ValH,8ValN,None,parabolic,9223,22.697,23.151,1.0,7.93,116.12,box sum,9149,7
8,9GluH,9GluN,None,parabolic,9080,25.191,47.894,1.0,6.966,121.657,box sum,9602,8
9,10LysH,10LysN,None,parabolic,9527,39.443,14.831,1.0,8.711,118.632,box sum,9904,9
10,11HisH,11HisN,None,parabolic,9699,35.821,21.625,1.0,8.066,115.641,box sum,9561,10
11,12GlyH,12GlyN,None,parabolic,9354,10.734,41.121,1.0,6.812,134.018,box sum,9673,11
12,13ValH,13ValN,None,parabolic,9645,19.73,20.849,1.0,9.325,126.957,box sum,9756,12
13,14HisH,14HisN,None,parabolic,9759,49.285,21.752,1.0,7.406,110.968,box sum,9193,13
14,15LysH,15LysN,None,parabolic,9899,24.161,22.575,1.0,9.832,128.119,box sum,9297,14
15,16IleH,16IleN,None,parabolic,9728,24.38,48.708,1.0,8.599,125.326,box sum,9350,15
16,17ProH,17ProN,None,parabolic,9063,29.128,42.731,1.0,8.343,103.325,box sum,9270,16
17,18ProH,18ProN,None,parabolic,9238,26.734,45.081,1.0,9.846,115.369,box sum,9316,17
18,19PheH,19PheN,None,parabolic,9713,43.431,38.214,1.0,6.716,130.986,box sum,9292,18
19,20AspH,20AspN,None,parabolic,9495,23.29,26.065,1.0,7.464,100.272,box sum,9254,19
20,21ThrH,21ThrN,None,parabolic,9964,34.219,21.978,1.0,8.78,132.776,box sum,9938,20
21,22TrpH,22TrpN,None,parabolic,9432,46.789,44.962,1.0,6.676,130.333,box sum,9779,21
22,23GluH,23GluN,None,parabolic,9060,41.018,39.597,1.0,7.385,111.874,box sum,9330,22
23,24GlnH,24GlnN,None,parabolic,9427,17.367,32.046,1.0,9.735,114.466,box sum,9381,23
24,25MetH,25MetN,None,parabolic,9646,42.172,47.533,1.0,7.78,106.939,box sum,9562,24
25,26AspH,26AspN,None,parabolic,9492,10.382,45.432,1.0,9.586,114.042,box sum,9715,25
26,27SerH,27SerN,None,parabolic,9142,31.025,13.831,1.0,8.324,111.725,box sum,9725,26
27,28LysH,28LysN,None,parabolic,9601,49.392,38.665,1.0,9.463,122.431,box sum,9829,27
28,29GlnH,29GlnN,None,parabolic,9438,30.845,44.598,1.0,8.993,112.841,box sum,9529,28
29,30ValH,30ValN,None,parabolic,9294,26.454,18.99,1.0,7.362,132.815,box sum,9045,29
30,31CysH,31CysN,None,parabolic,9236,21.493,49.81,1.0,7.651,109.582,box sum,9275,30
31,32PheH,32PheN,None,parabolic,9252,30.833,18.848,1.0,7.948,101.703,box sum,9607,31
32,33ProH,33ProN,None,parabolic,9351,48.19,38.666,1.0,7.349,124.417,box sum,9577,32
33,34HisH,34HisN,None,parabolic,9676,42.815,20.709,1.0,8.282,112.701,box sum,9778,33
34,35LysH,35LysN,None,parabolic,9093,45.787,42.164,1.0,6.494,116.743,box sum,9246,34
35,36HisH,36HisN,None,parabolic,9954,23.166,34.789,1.0,9.668,109.284,box sum,9409,35
36,37ArgH,37ArgN,None,parabolic,9637,30.792,19.2,1.0,8.062,116.924,box sum,9025,36
37,38ValH,38ValN,None,parabolic,9854,47.847,36.979,1.0,6.607,127.95,box sum,9245,37
38,39ArgH,39ArgN,None,parabolic,9103,37.302,25.413,1.0,9.438,110.806,box sum,9761,38
39,40MetH,40MetN,None,parabolic,9484,48.334,15.318,1.0,7.501,108.622,box sum,9807,39
40,41AspH,41AspN,None,parabolic,9029,19.715,12.218,1.0,9.889,130.752,box sum,9658,40
41,42LeuH,42LeuN,None,parabolic,9494,20.681,19.562,1.0,6.005,104.394,box sum,9625,41
42,43SerH,43SerN,None,parabolic,9298,17.54,13.728,1.0,7.721,130.581,box sum,9044,42
43,44SerH,44SerN,None,parabolic,9374,19.923,13.539,1.0,7.53,104.313,box sum,9618,43
44,45SerH,45SerN,None,parabolic,9659,24.498,32.69,1.0,8.091,122.786,box sum,9170,44
45,46ProH,46ProN,None,parabolic,9255,34.275,11.683,1.0,7.309,116.573,box sum,9255,45
46,47LysH,47LysN,None,parabolic,9598,27.884,35.332,1.0,7.238,110.399,box sum,9655,46
47,48IleH,48IleN,None,parabolic,9283,37.982,19.134,1.0,6.431,127.428,box sum,9191,47
48,49GlnH,49GlnN,None,parabolic,9789,33.352,39.128,1.0,7.333,111.047,box sum,9017,48
49,50CysH,50CysN,None,parabolic,9516,19.388,15.741,1.0,8.415,123.461,box sum,9521,49
50,51ValH,51ValN,None,parabolic,9224,14.862,20.556,1.0,9.806,106.639,box sum,9403,50
51,52CysH,52CysN,None,parabolic,9088,26.138,37.858,1.0,7.325,109.214,box sum,9189,51
52,53HisH,53HisN,None,parabolic,9605,37.623,18.711,1.0,9.835,106.328,box sum,9275,52
53,54GlyH,54GlyN,None,parabolic,9893,38.41,40.351,1.0,9.431,125.581,box sum,9054,53
54,55CysH,55CysN,None,parabolic,9218,15.048,27.567,1.0,8.559,130.443,box sum,9020,54
55,56PheH,56PheN,None,parabolic,9519,13.819,10.885,1.0,8.118,101.792,box sum,9747,55
56,57AsnH,57AsnN,None,parabolic,9096,28.583,14.99,1.0,9.574,116.012,box sum,9526,56
57,58AspH,58AspN,None,parabolic,9143,28.024,16.685,1.0,9.315,123.36,box sum,9159,57
58,59ArgH,59ArgN,None,parabolic,9878,25.056,45.111,1.0,7.137,130.057,box sum,9677,58
59,60AsnH,60AsnN,None,parabolic,9180,39.768,35.674,1.0,6.392,102.052,box sum,9264,59
60,61AsnH,61AsnN,None,parabolic,9667,20.279,32.084,1.0,7.744,130.68,box sum,9346,60
61,62AsnH,62AsnN,None,parabolic,9487,48.268,26.915,1.0,9.789,103.064,box sum,9856,61
62,63ProH,63ProN,None,parabolic,9842,23.867,29.323,1.0,9.978,125.592,box sum,9062,62
63,64LeuH,64LeuN,None,parabolic,9051,31.226,31.162,1.0,8.661,132.977,box sum,9839,63
64,65MetH,65MetN,None,parabolic,9277,26.569,42.983,1.0,7.81,113.568,box sum,9085,64
65,66HisH,66HisN,None,parabolic,9379,43.066,37.89,1.0,9.504,134.728,box sum,9715,65
66,67PheH,67PheN,None,parabolic,9808,34.787,41.924,1.0,8.538,107.248,box sum,9317,66
67,68ArgH,68ArgN,None,parabolic,9507,43.84,17.577,1.0,8.479,122.423,box sum,9151,67
68,69MetH,69MetN,None,parabolic,9639,36.357,46.405,1.0,9.642,104.4,box sum,9289,68
69,70GlyH,70GlyN,None,parabolic,9875,33.018,26.035,1.0,8.001,131.808,box sum,9152,69
70,71ProH,71ProN,None,parabolic,9085,35.489,49.46,1.0,7.599,126.467,box sum,9269,70
71,72ProH,72ProN,None,parabolic,9533,10.317,40.236,1.0,6.311,105.143,box sum,9260,71
72,73MetH,73MetN,None,parabolic,9651,22.25,32.373,1.0,8.398,122.069,box sum,9951,72
73,74ValH,74ValN,None,parabolic,9171,15.997,17.778,1.0,6.376,103.235,box sum,9446,73
74,75AlaH,75AlaN,None,parabolic,9960,30.773,24.82,1.0,8.813,124.828,box sum,9366,74
75,76CysH,76CysN,None,parabolic,9027,45.613,44.765,1.0,8.011,118.07,box sum,9822,75
76,77LysH,77LysN,None,parabolic,9937,38.3,19.885,1.0,9.993,132.393,box sum,9240,76
77,78CysH,78CysN,None,parabolic,9307,39.901,30.792,1.0,7.496,127.598,box sum,9764,77
78,79ProH,79ProN,None,parabolic,9444,26.011,35.33,1.0,9.174,123.167,box sum,9773,78
79,80IleH,80IleN,None,parabolic,9157,37.395,12.204,1.0,6.489,122.941,box sum,9873,79
80,81ValH,81ValN,None,parabolic,9810,14.996,12.232,1.0,9.177,114.556,box sum,9356,80
81,82AsnH,82AsnN,None,parabolic,9069,37.301,27.391,1.0,9.376,108.755,box sum,9490,81
82,83ValH,83ValN,None,parabolic,9776,38.781,45.251,1.0,7.856,104.48,box sum,9469,82
83,84IleH,84IleN,None,parabolic,9066,32.623,49.502,1.0,6.86,121.357,box sum,9905,83
84,85AsnH,85AsnN,None,parabolic,9187,22.905,33.011,1.0,6.881,110.76,box sum,9529,84
85,86AlaH,86AlaN,None,parabolic,9945,17.457,15.862,1.0,8.631,113.771,box sum,9544,85
86,87TyrH,87TyrN,None,parabolic,9618,37.932,15.073,1.0,8.302,114.897,box sum,9019,86
87,88TrpH,88TrpN,None,parabolic,9806,18.786,42.247,1.0,7.517,122.225,box sum,9211,87
88,89ArgH,89ArgN,None,parabolic,9109,33.71,39.477,1.0,6.973,122.792,box sum,9284,88
89,90TyrH,90TyrN,None,parabolic,9218,40.559,38.316,1.0,7.771,105.228,box sum,9976,89
90,91GlyH,91GlyN,None,parabolic,9023,14.292,38.299,1.0,9.232,103.823,box sum,9267,90
91,92LeuH,92LeuN,None,parabolic,9589,34.227,41.866,1.0,6.683,111.042,box sum,9534,91
92,93TrpH,93TrpN,None,parabolic,9079,22.483,18.753,1.0,6.357,105.517,box sum,9063,92
93,94HisH,94HisN,None,parabolic,9049,27.656,26.127,1.0,7.577,128.341,box sum,9680,93
94,95GlyH,95GlyN,None,parabolic,9082,47.534,10.346,1.0,6.575,125.439,box sum,9310,94
95,96SerH,96SerN,None,parabolic,9223,32.379,49.904,1.0,8.471,115.3,box sum,9117,95
96,97PheH,97PheN,None,parabolic,9723,46.123,34.556,1.0,6.127,120.847,box sum,9385,96
97,98ProH,98ProN,None,parabolic,9250,21.735,15.624,1.0,9.681,127.469,box sum,9823,97
98,99ThrH,99ThrN,None,parabolic,9333,23.69,30.56,1.0,7.197,117.278,box sum,9394,98
99,100GluH,100GluN,None,parabolic,9234,42.14,17.705,1.0,9.318,128.365,box sum,9196,99
100,101TyrH,101TyrN,None,parabolic,9902,16.461,30.255,1.0,6.148,120.274,box sum,9612,100
101,102IleH,102IleN,None,parabolic,9682,19.833,11.733,1.0,6.088,115.236,box sum,9667,101
102,103MetH,103MetN,None,parabolic,9887,46.757,31.136,1.0,7.589,133.22,box sum,9227,102
103,104CysH,104CysN,None,parabolic,9869,40.158,11.001,1.0,9.294,108.589,box sum,9980,103
104,105GlyH,105GlyN,None,parabolic,9211,48.179,49.801,1.0,6.334,115.35,box sum,9490,104
105,106GlyH,106GlyN,None,parabolic,9250,12.115,46.144,1.0,6.755,134.207,box sum,9172,105
106,107AlaH,107AlaN,None,parabolic,9122,16.232,38.932,1.0,8.048,115.334,box sum,9229,106
107,108AspH,108AspN,None,parabolic,9665,49.717,26.941,1.0,6.793,101.331,box sum,9160,107
108,109GluH,109GluN,None,parabolic,9422,44.519,25.193,1.0,9.401,119.918,box sum,9382,108
109,110TrpH,110TrpN,None,parabolic,9411,15.738,27.31,1.0,9.528,111.999,box sum,9341,109
110,111GlyH,111GlyN,None,parabolic,9086,25.023,40.229,1.0,8.954,102.236,box sum,9388,110
111,112HisH,112HisN,None,parabolic,9816,31.869,43.311,1.0,8.305,109.378,box sum,9244,111
112,113AlaH,113AlaN,None,parabolic,9687,16.965,30.121,1.0,6.347,119.455,box sum,9897,112
113,114SerH,114SerN,None,parabolic,9447,32.205,20.407,1.0,7.105,129.791,box sum,9133,113
114,115LeuH,115LeuN,None,parabolic,9263,15.664,39.822,1.0,7.8,128.972,box sum,9078,114
115,116GluH,116GluN,None,parabolic,9444,35.463,18.585,1.0,9.402,114.198,box sum,9385,115
116,117GlyH,117GlyN,None,parabolic,9446,49.958,47.716,1.0,7.384,126.924,box sum,9250,116
117,118GluH,118GluN,None,parabolic,9765,44.861,18.267,1.0,6.483,104.843,box sum,9477,117
118,119ThrH,119ThrN,None,parabolic,9124,34.434,25.115,1.0,8.215,123.6,box sum,9884,118
119,120SerH,120SerN,None,parabolic,9295,18.692,31.346,1.0,9.996,132.192,box sum,9125,119
120,121SerH,121SerN,None,parabolic,9994,43.141,35.926,1.0,9.864,111.723,box sum,9655,120
121,122LeuH,122LeuN,None,parabolic,9775,28.14,36.617,1.0,8.975,112.822,box sum,9626,121
122,123AspH,123AspN,None,parabolic,9822,43.915,46.722,1.0,9.426,128.31,box sum,9477,122
123,124GlyH,124GlyN,None,parabolic,9831,47.944,34.091,1.0,7.876,134.461,box sum,9385,123
124,125AspH,125AspN,None,parabolic,9357,10.889,17.06,1.0,7.902,123.754,box sum,9007,124
125,126AspH,126AspN,None,parabolic,9652,29.362,40.863,1.0,8.797,133.87,box sum,9583,125
126,127PheH,127PheN,None,parabolic,9295,48.801,45.61,1.0,8.332,124.986,box sum,9857,126
127,128ProH,128ProN,None,parabolic,9726,28.954,13.867,1.0,7.208,127.288,box sum,9595,127
128,129AsnH,129AsnN,None,parabolic,9235,38.107,18.205,1.0,7.535,111.939,box sum,9814,128
129,130GluH,130GluN,None,parabolic,9669,31.119,39.302,1.0,7.836,112.225,box sum,9432,129
130,131MetH,131MetN,None,parabolic,9213,15.359,24.758,1.0,6.961,103.122,box sum,9601,130
131,132GluH,132GluN,None,parabolic,9955,26.34,13.027,1.0,8.915,101.777,box sum,9485,131
132,133CysH,133CysN,None,parabolic,9708,13.368,23.701,1.0,9.34,133.408,box sum,9499,132
133,134LysH,134LysN,None,parabolic,9411,26.474,28.998,1.0,8.624,111.315,box sum,9988,133
134,135TrpH,135TrpN,None,parabolic,9039,16.733,24.781,1.0,9.583,123.119,box sum,9466,134
135,136IleH,136IleN,None,parabolic,9249,45.856,23.174,1.0,6.478,116.168,box sum,9604,135
136,137GluH,137GluN,None,parabolic,9043,19.88,14.262,1.0,8.481,129.22,box sum,9649,136
137,138ArgH,138ArgN,None,parabolic,9059,43.114,41.983,1.0,9.321,131.234,box sum,9622,137
138,139PheH,139PheN,None,parabolic,9881,45.682,40.869,1.0,7.469,101.477,box sum,9324,138
139,140IleH,140IleN,None,parabolic,9098,44.474,25.861,1.0,7.433,113.366,box sum,9097,139
